INSERT INTO towns (town_id, town_name)
VALUES
(1, 'Sofia'),
(2, 'Luxemburg'),
(3, 'Berlin'),
(4, 'Barcelona'),
(5, 'Erden'),
(6, 'Montana'),
(7, 'Los Angeles'),
(8, 'Moscow'),
(9, 'Vilnius'),
(10, 'Rome'),
(11, 'Istanbul'),
(12, 'Athene'),
(13, 'Varna'),
(14, 'Burgas'),
(15, 'Plovdiv'),
(16, 'Pekin'),
(17, 'San Andreas'),
(18, 'Chicago'),
(19, 'New York'),
(20, 'Jerusalem'),
(21, 'Dubrovnik'),
(22, 'Rio De Janeiro'),
(23, 'Dallas'),
(24, 'Houston'),
(25, 'Kairo'),
(26, 'Vienna'),
(27, 'Paris'),
(28, 'Munchen'),
(29, 'Tokio'),
(30, 'Brasil');

INSERT INTO airports (airport_id, airport_name, town_id)
VALUES
(1, 'Los Angeles Southern Airport', 7),
(2, 'Montana Broken Airport', 6),
(3, 'Moscow Central Airport', 8),
(4, 'Istanbul Central Airport', 11),
(5, 'Sofia International Airport', 1),
(6, 'Vilniaus oro uostas', 9),
(7, 'Los Angeles Eastern Airport', 7),
(8, 'Erdenskoto Selsko Letishte na Bai Gosho', 5),
(9, 'Athenes very own airport', 12),
(10, 'Varnensko Sredno Letishte', 13),
(11, 'Burgas Maina Letishte', 14),
(12, 'Athenes Crisis Airport', 12),
(13, 'Luxemburg Normal Airport', 2),
(14, 'Berlin Flying Platform', 3),
(15, 'Plovdivskoto', 15),
(16, 'Moscow Outern Airport', 8),
(17, 'Royals Airport', 1),
(18, 'Messi has his own Airport', 4),
(19, 'Putins Airport', 8),
(20, 'Barcelona Central Airport', 4),
(21, 'Brasil Central Airport', 30),
(22, 'Munchen Central Airport', 28),
(23, 'Houston Central Airport', 24),
(24, 'Jerusalem Airport', 20),
(25, 'Plovdiv International Airport', 15),
(26, 'Chicago Airport', 18),
(27, 'Dallas Airport', 23),
(28, 'Royals Airport', 14),
(29, 'San Andreas Rock Airport', 17),
(30, 'Houston Southern Airport', 24),
(31, 'Vienna Port', 26),
(32, 'Pekin Flamingo', 16),
(33, 'Kairo City Port', 25),
(34, 'Brasil Outern Airport', 29),
(35, 'New York Central Airport', 19),
(36, 'Paris Charles De Gaulle', 27),
(37, 'Kairo Desert Port', 25),
(38, 'Rio Cental Airport', 22),
(39, 'Houston Eastern Airport', 24),
(40, 'New York Village Airport', 19);

INSERT INTO airlines(airline_id, airline_name, nationality, rating)
VALUES
(1, 'Putin Air', 'Russian', 100),
(2, 'American Airlines', 'American', 89),
(3, 'Forca Barca', 'Spanish', 200),
(4, 'Royals Airline', 'Bulgarian', 100),
(5, 'Luxemburgs Lord Air', 'Luxemburgian', 20),
(6, 'McDonalds', 'Burgerian', 95),
(7, 'Germanos', 'German', 90),
(8, 'Dubai Air Flights', 'Arabian', 98),
(9, 'Santas Airline', 'SouthPolean', 90),
(10, 'Bambi Airline', 'African', 90),
(11, 'Frenche Fries Airline', 'French', 10),
(12, 'Sofia Air', 'Bulgarian', 11.5),
(13, 'New Brasil', 'Brasil', 24),
(14, 'Houston Lines', 'American', 3),
(15, 'German Air', 'German', 45),
(16, 'North African Airlines', 'African', 45.1),
(17, 'Royal Air', 'Bulgarian', 199),
(18, 'Pekin Air Ramen', 'Chinese', 95),
(19, 'Obama Self Air', 'American', 100);

INSERT INTO flights(flight_id, 
		departure_time, 
		arrival_time, 
		status, 
		origin_airport_id, 
		destination_airport_id,
		airline_id)
VALUES
(1, '1995-06-21 10:00:00', '1995-06-21 14:30:00', 'Arrived', 8, 2, 2),
(2, '2016-10-08 00:00:00', '2016-10-09 12:30:00', 'Departing', 3, 1, 1),
(3, '2016-10-09 12:34:56', '2016-10-11 00:30:00', 'Departing', 3, 14, 4),
(4, '3000-01-01 14:30:00', '3000-02-02 12:53:00', 'Delayed', 1, 14, 4),
(5, '2016-10-10 00:30:00', '2016-10-10 06:30:00', 'Departing', 18, 4, 10),
(6, '1995-06-21 14:30:00', '1995-06-21 14:30:00', 'Cancelled', 11, 11, 3),
(7, '2016-10-10 23:11:11', '2016-10-11 04:30:00', 'Departing', 6, 17, 4),
(8, '2016-11-10 05:30:00', '2016-11-11 10:30:00', 'Delayed', 18, 4, 9),
(9, '2016-10-10 16:04:00', '2016-10-10 22:30:00', 'Departing', 6, 7, 10),
(10, '2016-10-08 14:30:00', '2016-10-10 14:31:00', 'Departing', 20, 12, 1),
(11, '2017-10-10 23:22:33', '2017-10-10 12:34:56', 'Delayed', 2, 17, 4),
(12, '2016-11-01 01:00:00', '2016-11-02 14:30:00', 'Departing', 17, 6, 6),
(13, '1995-06-21 02:30:00', '1995-06-21 02:30:00', 'Cancelled', 13, 12, 7),
(14, '2016-10-09 08:11:00', '2016-10-10 15:45:00', 'Departing', 20, 7, 10),
(15, '2016-10-10 14:31:00', '2016-10-10 00:30:00', 'Cancelled', 16, 6, 1),
(16, '2016-10-08 02:00:31', '2016-10-08 07:10:00', 'Departing', 11, 12, 3),
(17, '2005-11-12 12:32:00', '2006-11-12 12:32:00', 'Arrived', 16, 4, 6),
(18, '2011-02-02 00:00:00', '2011-02-02 00:00:01', 'Arrived', 11, 2, 6),
(19, '2011-04-01 11:13:00', '2011-04-01 16:30:00', 'Cancelled', 6, 17, 4),
(20, '2015-11-11 23:11:11', '2016-01-01 23:11:11', 'Cancelled', 7, 17, 4),
(21, '2016-10-03 05:13:29', '2016-06-05 19:29:00', 'Departing', 36, 38, 19),
(22, '2016-09-19 06:28:04', '2016-11-15 01:46:46', 'Arrived', 36, 34, 14),
(23, '2016-08-08 19:47:37', '2016-08-27 14:30:55', 'Cancelled', 28, 34, 16),
(24, '2016-04-25 14:43:15', '2016-01-04 12:29:57', 'Delayed', 36, 32, 16),
(25, '2016-06-27 06:21:56', '2016-08-07 23:22:04', 'Departing', 34, 28, 12),
(26, '2016-05-06 09:49:47', '2016-02-15 15:01:45', 'Arrived', 34, 38, 11),
(27, '2016-09-19 13:43:56', '2016-09-24 13:04:36', 'Delayed', 38, 31, 1),
(28, '2016-10-15 18:46:56', '2016-06-23 21:53:43', 'Arrived', 24, 21, 19),
(29, '2016-12-24 22:43:22', '2016-09-00 22:39:13', 'Departing', 24, 38, 17),
(30, '2016-03-03 17:03:51', '2016-04-30 02:04:50', 'Delayed', 30, 38, 12),
(31, '2016-06-28 00:06:38', '2016-09-25 19:56:23', 'Delayed', 28, 27, 15),
(32, '2016-03-22 21:30:53', '2016-12-06 22:41:49', 'Departing', 33, 22, 13),
(33, '2016-08-11 16:27:17', '2016-08-08 02:37:31', 'Departing', 22, 32, 1),
(34, '2016-08-07 13:42:28', '2016-07-11 16:20:43', 'Departing', 38, 28, 19),
(35, '2016-04-08 08:16:31', '2016-11-21 15:00:24', 'Arrived', 25, 27, 11),
(36, '2016-08-12 14:26:17', '2016-11-28 14:26:58', 'Departing', 27, 38, 17),
(37, '2016-10-11 20:59:17', '2016-00-13 20:47:53', 'Cancelled', 25, 25, 16),
(38, '2016-05-07 06:20:06', '2016-02-22 18:08:06', 'Departing', 23, 23, 14),
(39, '2016-11-19 08:43:16', '2016-06-05 19:29:00', 'Cancelled', 28, 29, 19),
(40, '2016-02-11 21:18:19', '2016-12-18 03:53:22', 'Delayed', 21, 38, 15);

INSERT INTO customers(customer_id, first_name, last_name, date_of_birth, gender, home_town_id)
VALUES
(1, 'Donatello', 'Rat', '1984-05-01', 'M', 4),
(2, 'Shendelzare', 'Silverclaw', '1995-06-21', 'M', 7),
(3, 'Rotciv', 'Vokazak', '1988-08-08', 'M', 12),
(4, 'Tomate', 'Kartoffel', '1999-01-01', 'M', 2),
(5, 'Ivan', 'Ivanov', '1989-05-05', 'M', 4),
(6, 'Petar', 'Petrov', '1994-03-12', 'M', 1),
(7, 'Raphael', 'Rat', '1984-05-01', 'M', 1),
(8, 'Nacho', 'Stefov', '1987-01-25', 'M', 3),
(9, 'Ivelina', 'Stefanova', '1998-09-15', 'F', 8),
(10, 'Mister', 'Bean', '1950-06-01', 'M', 15),
(11, 'Alex', 'Alexova', '1992-01-28', 'F', 2),
(12, 'Akov', 'Georgiev', '1999-12-21', 'M', 15),
(13, 'Kirka', 'Lopatova', '2000-12-31', 'F', 14),
(14, 'Leonardo', 'Rat', '1984-05-01', 'M', 6),
(15, 'Ivanka', 'Kurenkovichkova', '1978-06-06', 'F', 3),
(16, 'Kurabiika', 'Keksova', '2005-11-13', 'F', 4),
(17, 'Jorji', 'Jorjeva', '1999-10-09', 'F', 3),
(18, 'Temelka', 'Ekaterinova', '1991-02-14', 'F', 3),
(19, 'Azis', 'Valentinov', '1970-02-02', 'F', 11),
(20, 'Michelangelo', 'Rat', '1984-05-01', 'M', 12),
(21, 'Ignatiika', 'Ignatieva', '1999-12-25', 'F', 1),
(22, 'George', 'Seatle', '1997-02-21', 'M', 3),
(23, 'Kotryna', 'Alesiute', '1996-02-18', 'F', 9),
(24, 'Johnathan', 'Reath', '1990-07-24', 'M', 15),
(25, 'Angelina', 'Iffel', '1980-03-20', 'F', 13),
(26, 'Katerichka', 'Runtavelkova', '1999-12-17', 'F', 2),
(27, 'Jack', 'Thuar', '1997-07-15', 'M', 9),
(28, 'Megan', 'Finger', '1993-02-02', 'F', 5),
(29, 'Joseph', 'Priboi', '1950-11-16', 'M', 13),
(30, 'Gordon', 'Freeman', '1975-01-20', 'M', 14),
(31, 'Tuhlenko', 'Keramidkov', '1996-02-05', 'M', 18),
(32, 'Yordan', 'Petrov', '1984-06-01', 'M', 15),
(33, 'Fandyka', 'Yordanova', '1950-02-02', 'F', 20),
(34, 'Kloym', 'Desur', '1988-12-04', 'M', 18),
(35, 'Denise', 'Igy', '1990-02-14', 'F', 22),
(36, 'Deron', 'Inspire', '1991-01-01', 'M', 18),
(37, 'Heidi', 'SQL', '1980-07-01', 'F', 15),
(38, 'MS', 'SQL', '1970-01-01', 'M', 20),
(39, 'Cassidy', 'Jenkins', '1983-05-04', 'F', 17),
(40, 'Joker', 'Funny', '1995-04-01', 'M', 15),
(41, 'Default', 'Sample', '1999-01-01', 'M', 16),
(42, 'Indigo', 'Aisuk', '1999-09-11', 'M', 18),
(43, 'Sonia', 'Fresh', '1990-12-10', 'F', 29),
(44, 'Eve', 'Twilight', '1995-06-21', 'M', 15),
(45, 'Alfredo', 'Bazilichi', '1990-09-09', 'M', 15),
(46, 'Leo', 'Kun', '1989-08-23', 'M', 28),
(47, 'Iva', 'Kun', '1991-02-08', 'F', 19),
(48, 'Anya', 'Sek', '1992-01-29', 'F', 21),
(49, 'Isacc', 'Spherex', '1973-10-05', 'M', 27),
(50, 'Ronald', 'Aiden', '1993-06-16', 'M', 20),
(51, 'Hera', 'Set', '1980-09-19', 'F', 16),
(52, 'Fila', 'Delphy', '1999-01-21', 'F', 23),
(53, 'Sephi', 'Roth', '1997-12-31', 'F', 28),
(54, 'Johnny', 'Intro', '1996-12-20', 'M', 15),
(55, 'Hubert', 'Grozanski', '2000-01-31', 'M', 23),
(56, 'Ewa', 'Freeman', '1992-03-21', 'F', 15),
(57, 'Adam', 'Freeman', '1990-04-21', 'M', 21),
(58, 'Graham', 'Donatello', '1980-11-10', 'M', 29),
(59, 'Ofel', 'Oriel', '1940-12-20', 'M', 26),
(60, 'Hendrickson', 'Nana', '1990-09-11', 'M', 22);

INSERT INTO tickets(ticket_id, price, class, seat, customer_id, flight_id)
VALUES
(1, 100.00, 'Third', '55-A', 15, 4),
(2, 55.40, 'Third', '10-C', 5, 10),
(3, 1100.56, 'Second', '155-Z', 2, 18),
(4, 2100.50, 'Second', '11-B', 6, 10),	
(5, 560.00, 'Third', '123-Y', 9, 12),
(6, 1000.10, 'Third', '254-D', 2, 7),
(7, 5100.56, 'First', '111-H', 22, 15),
(8, 450.99, 'Third', '161-I', 7, 18),
(9, 1650.00, 'Second', '12-M', 23, 19),
(10, 4599.99, 'First', '198-P', 21, 18),
(11, 90.90, 'Third', '56-Q', 13, 11),
(12, 1780.90, 'Second', '71-U', 9, 18),
(13, 145.00, 'Third', '22-V', 24, 1),
(14, 154.00, 'Third', '11-A', 8, 11),
(15, 570.79, 'Third', '59-O', 3, 15),
(16, 999.99, 'Second', '203-L', 22, 1),
(17, 420.00, 'Third', '16-F', 20, 17),
(18, 1999.99, 'First', '44-T', 1, 16),
(19, 987.65, 'Third', '27-R', 23, 9),
(20, 432.10, 'Third', '90-X', 8, 18),
(21, 2000.00, 'Second', '11-N', 28, 4),
(22, 3000.00, 'Second', '22-B', 7, 8),
(23, 199.99, 'Third', '11-B', 22, 7),
(24, 9999.99, 'First', '1-G', 16, 18),
(25, 150.23, 'Third', '12-X', 21, 10),
(26, 2100.00, 'Second', '85-O', 27, 18),
(27, 1900.00, 'Second', '13-P', 14, 13),
(28, 1500.99, 'Second', '34-B', 22, 6),
(29, 2100.10, 'Second', '69-X', 12, 13),
(30, 1567.89, 'Second', '3-X', 14, 15),
(31, 6789.10, 'First', '11-X', 20, 12),
(32, 203.40, 'Third', '190-Q', 5, 19),
(33, 100.01, 'Third', '11-D', 13, 17),
(34, 101.01, 'Third', '65-H', 25, 10),
(35, 4830.45, 'First', '21-K', 7, 13),
(36, 9000.90, 'First', '134-R', 4, 17),
(37, 5000.00, 'First', '201-O', 28, 19),
(38, 131.12, 'Third', '145-Y', 22, 17),
(39, 569.99, 'Third', '185-A', 1, 2),
(40, 1234.56, 'Second', '108-L', 30, 9),
(41, 1023.00, 'Third', '131-E', 27, 11),
(42, 1.00, 'Third', '191-P', 5, 9),
(43, 100.00, 'Second', '160-E', 22, 9),
(44, 100.00, 'Third', '154-D', 21, 1),
(45, 100.00, 'Second', '111-E', 24, 3),
(46, 100.00, 'Third', '255-R', 12, 1),
(47, 100.00, 'Third', '155-A', 19, 16),
(48, 100.00, 'Second', '199-S', 7, 7),
(49, 100.00, 'Third', '1-A', 28, 4),
(50, 100.00, 'Third', '9-A', 20, 9),
(51, 6621.00, 'Second', '116-W', 37, 37),
(52, 5987.00, 'Third', '10-D', 37, 28),
(53, 7939.00, 'Third', '117-K', 49, 32),
(54, 7980.00, 'Second', '127-N', 57, 39),	
(55, 6452.00, 'Second', '4-Q', 46, 40),
(56, 2751.00, 'Third', '188-K', 36, 27),
(57, 479.00, 'First', '137-I', 55, 40),
(58, 4217.00, 'Second', '120-V', 53, 39),
(59, 2920.00, 'Third', '146-I', 32, 33),
(60, 803.00, 'Second', '131-C', 33, 21),
(61, 7645.00, 'Second', '210-W', 42, 22),
(62, 5969.00, 'Second', '86-L', 56, 24),
(63, 5340.00, 'First', '90-S', 56, 26),
(64, 7660.00, 'First', '239-B', 40, 36),
(65, 5096.00, 'First', '54-W', 36, 32),
(66, 9884.00, 'Second', '103-J', 49, 37),
(67, 601.00, 'Third', '151-Q', 34, 30),
(68, 4056.00, 'Third', '68-K', 59, 35),
(69, 1388.00, 'Third', '245-M', 59, 35),
(70, 8296.00, 'Third', '170-I', 57, 27),
(71, 3071.00, 'Third', '81-A', 53, 25),
(72, 8842.00, 'Third', '74-S', 44, 21),
(73, 3893.00, 'Second', '147-C', 57, 36),
(74, 8288.00, 'Third', '173-X', 46, 33),
(75, 6982.00, 'First', '248-Z', 32, 29),
(76, 583.00, 'First', '147-G', 40, 28),
(77, 5712.00, 'Third', '10-L', 54, 25),
(78, 3494.00, 'Third', '253-N', 52, 37),
(79, 8391.00, 'Second', '220-C', 48, 32),
(80, 5853.00, 'Second', '78-R', 37, 33),
(81, 6695.00, 'Second', '73-Q', 32, 31),
(82, 2879.00, 'First', '149-X', 42, 25),
(83, 9106.00, 'Second', '229-F', 52, 38),
(84, 6782.00, 'Third', '16-S', 33, 37),
(85, 7946.00, 'First', '110-S', 38, 39),
(86, 1501.00, 'First', '28-Y', 54, 23),
(87, 3846.00, 'Third', '254-J', 42, 32),
(88, 4993.00, 'First', '223-K', 44, 39),
(89, 5196.00, 'Third', '75-M', 59, 28),
(90, 7238.00, 'First', '104-F', 47, 37),
(91, 3578.00, 'Second', '208-K', 35, 39),
(92, 7303.00, 'First', '40-Z', 51, 24),
(93, 9045.00, 'First', '37-E', 33, 35),
(94, 8724.00, 'Second', '99-T', 43, 26),
(95, 6612.00, 'Third', '180-P', 41, 21),
(96, 8520.00, 'First', '54-K', 43, 36),
(97, 9515.00, 'Third', '16-Y', 40, 25),
(98, 3550.00, 'Second', '8-J', 35, 32),
(99, 6233.00, 'Second', '158-B', 44, 38),
(100, 5240.00, 'Second', '5-P', 37, 22);